[
  {
    "text": "Я часто чувствую беспокойство без видимой причины",
    "category": "тревожность"
  },
  {
    "text": "Мне трудно расслабиться даже в спокойной обстановке",
    "category": "тревожность"
  },
  {
    "text": "Я часто просыпаюсь ночью из-за тревожных мыслей",
    "category": "тревожность"
  },
  {
    "text": "Незначительные проблемы вызывают у меня сильное волнение",
    "category": "тревожность"
  },
  {
    "text": "Я часто ожидаю худшего развития событий",
    "category": "тревожность"
  },
  {
    "text": "Я доволен(льна) своей внешностью",
    "category": "самооценка"
  },
  {
    "text": "Я считаю себя компетентным человеком",
    "category": "самооценка"
  },
  {
    "text": "Мне нравится моя личность",
    "category": "самооценка"
  },
  {
    "text": "Мне легко знакомиться с новыми людьми",
    "category": "коммуникация"
  },
  {
    "text": "Я чувствую себя комфортно в больших компаниях",
    "category": "коммуникация"
  },
  {
    "text": "В последнее время я часто чувствую грусть",
    "category": "эмоции"
  },
  {
    "text": "Мне трудно испытывать радость",
    "category": "эмоции"
  },
  {
    "text": "У меня есть регулярные полезные привычки",
    "category": "поведение"
  },
  {
    "text": "Я слежу за своим питанием",
    "category": "поведение"
  }
]